"id","name","mets","classify"
1,泡澡，静坐,1.0,日常活动
2,温和的伸展运动,2.5,拉伸
3,伸展运动，哈达瑜伽,2.5,瑜伽
4,动感单车较低强度,3.0,有氧（自行车）
5,举重，中等强度,8.0,力量训练（器械）
6,在家做健美操，中低强度,3.5,有氧操
7,划船机，50瓦特，低强度,3.5,有氧（器械）
8,水中有氧运动，水中健美操,4.0,有氧操
9,动感单车低强度,5.5,有氧（自行车）
10,健身俱乐部活动,5.5,跑步
11,减肥操，爵士健身操,6.0,有氧操
12,教授有氧运动课程,6.0,有氧
13,举重，塑形运动，高强度,12.0,力量训练（器械）
14,动感单车中强度,7.0,""
15,单车训练,7.0,有氧（自行车）
16,划船器，测力计,7.0,有氧（器械）
17,划船器，100瓦特，中等强度,8.5,有氧（器械）
18,滑雪器，一般,7.0,有氧（器械）
19,柔软体操，高强度,8.0,体操
20,划船机，150瓦特，高等强度,8.5,有氧（器械）
21,踏板机,6.5,有氧（器械）
22,动感单车高强度,10.5,有氧（器械）
23,划船器，200瓦特，非常高强度,12.0,有氧（器械）
24,单车训练，250瓦特，非常高强度,12.5,有氧（自行车）
25,办公室工作(坐着)，阅读或开车,1.5,日常活动
26,开会（坐着），发言,1.5,日常活动
27,打字,1.5,日常活动
28,裁缝，手工缝制衣服,2.0,家务
29,走路，在办公区域，速度小于3.2公里/小时,2.0,走路
30,装订书本,2.3,日常活动
31,印刷（站着）,2.3,日常活动
32,说话，整理文件和复印（站着）,2.3,日常活动
33,烤点心（轻度劳动）,2.5,家务
34,整理床铺，护理病人或老人,2.5,家务
35,清理水池和厕所（轻度劳动）,2.5,家务
36,拂尘（轻度劳动）,2.5,家务
37,用吸尘器打扫（轻度劳动）,2.5,家务
38,开叉车（坐着），教授瑜伽课程,2.5,工作
39,用吸尘器打扫房间，中等强度,3.0,家务
40,走路，在工作场所，速度4.8公里/小时，中速,3.3,走路
41,拖地，中等强度,3.5,家务
42,清洁工作，中等强度,3.5,家务
43,走路，在工作场所，轻快的，速度5.6公里/小时,3.8,走路
44,给人按摩（站着）,4.0,日常活动
45,裁缝活，熨烫衣服,4.0,家务
46,教授体育课（自己不参加体育比赛）,4.0,工作
47,推着轮椅走,4.0,走路
48,走路，速度4.8公里/小时，提着25磅的东西,4.0,走路
49,教体育课（活跃状态）,6.5,跑步
50,和小孩一起斜靠着休息,1.5,日常活动
51,编织，缝补衣物，包装礼物（坐着）,1.5,家务
52,烹调/准备食物（站着或坐着）,2.0,家务
53,洗衣服，叠衣服，晾衣服（站着）,2.0,家务
54,整理床铺,2.0,家务
55,换灯泡，打气（站着）,2.0,家务
56,采购食物,2.3,家务
57,收拾衣服，洗衣服（走动着）,2.3,家务
58,烫衣服,2.3,家务
59,洗碗（站着）,2.3,家务
60,照顾小孩：坐着或跪着给小孩穿衣服，喂奶,2.5,家务
61,清洁（轻度劳动）：拂尘，丢垃圾,2.5,家务
62,烹调/准备食物（走动着）,2.5,家务
63,喂养宠物,2.5,家务
64,大扫除（轻度劳动）,2.5,家务
65,提行李，收拾行李,2.5,日常活动
66,做饭，摆饭桌（站着或走动着）,2.5,家务
67,与孩子、宠物玩耍（坐着）,2.5,休闲娱乐
68,洗碗，走动着清理餐桌,2.5,家务
69,给植物浇水,2.5,园艺活动
70,与孩子、宠物玩耍（站着，走着，跑着）,2.8,休闲娱乐
71,抱小孩,3.0,日常活动
72,照顾小孩：站着给小孩穿衣服，洗澡，喂奶,3.0,家务
73,打扫，高强度（如洗车，擦玻璃）,3.0,家务
74,打扫房间,3.0,家务
75,收拾东西,3.0,家务
76,清洁地毯，清洁地板,3.3,家务
77,拖地,3.5,家务
78,家务劳动，中等强度,3.5,家务
79,给狗洗澡（站着）,3.5,家务
80,收拾行李（站着），中等强度,3.5,日常活动
81,用吸尘器打扫房间,3.5,家务
82,擦地板（跪在地上擦），清洁浴室,3.8,家务
83,照顾老人，残疾人,4.0,家务
84,家务劳动，高强度,4.0,家务
85,打扫车库，人行道或室外其他地方,4.0,家务
86,跟动物玩耍（走着/跑着），中等强度,4.0,休闲娱乐
87,跟孩子玩耍（走着/跑着），中等强度,4.0,休闲娱乐
88,跟孩子或宠物玩耍（走着/跑着），高强度,5.0,休闲娱乐
89,搬家居，搬箱子,6.0,日常活动（负重）
90,提着东西上楼梯,7.5,日常活动（负重）
91,搬家具上楼，搬箱子,9.0,日常活动（负重）
92,走跑结合（跑步时间少于10分钟）,6.0,走跑
93,慢跑（约7km/h）,7.0,跑步
94,跑步，8公里/小时,8.6,""
95,跑步，训练，推轮椅,8.0,跑步
96,跑步，8.4公里/小时,9.0,跑步
97,跑步，越野跑,9.0,跑步
98,跑步，9.7公里/小时,10.0,跑步
99,跑步，在小路上，小组跑,10.0,跑步
100,跑步，10.8公里/小时,11.0,跑步
101,跑步，11.3公里/小时,11.5,跑步
102,跑步，12.1公里/小时,12.5,跑步
103,跑步，12.9公里/小时,13.5,跑步
104,跑步，13.8公里/小时,14.0,跑步
105,跑步，14.5公里/小时,15.0,跑步
106,跑步，上楼梯,15.0,跑步
107,跑步，16公里/小时,16.0,跑步
108,跑步，17.5公里/小时,18.0,跑步
109,修汽车,3.0,体力活
110,木工活,3.0,体力活
111,安装电线，安装管道,3.0,体力活
112,修理或加工车身,4.0,体力活
113,木匠活，修缮储物间或家具,4.5,体力活
114,铺地毯或收起地毯,4.5,体力活
115,铺砖或油毯，修理装置,4.5,体力活
116,粉刷,4.5,体力活
117,清洁篱笆，修篱笆,4.5,体力活
118,清理排水沟,5.0,体力活
119,在室外粉刷,5.0,体力活
120,睡觉,1.0,日常活动
121,乘公共汽车,1.0,日常活动
122,坐汽车或卡车,1.0,日常活动
123,思考,1.0,日常活动
124,靠着阅读,1.0,日常活动
125,靠着说话，打电话,1.0,日常活动
126,写字,1.0,日常活动
127,听音乐（躺）,1.0,日常活动
128,看电视（躺）,1.0,日常活动
129,看电视（坐）,1.0,日常活动
130,抽烟，听音乐（坐）,1.0,日常活动
131,站着，安静的,1.2,日常活动
132,读书看报（坐）,1.3,日常活动
133,洗澡（坐）,1.5,日常活动
134,吃东西（坐）,1.5,日常活动
135,聚餐，家庭聚会，坐着吃东西,1.5,休闲娱乐
136,做手工艺品（轻度劳动）,1.5,休闲娱乐
137,说话，打电话（坐）,1.5,日常活动
138,看比赛（坐）,1.5,休闲娱乐
139,上课，做笔记，课堂讨论（坐）,1.8,日常活动
140,学习，看书，写字（坐）,1.8,日常活动
141,写作，文字工作，打字（坐）,1.8,日常活动
142,做手工艺品（站着，轻度劳动）,1.8,休闲娱乐
143,说话，打电话（站着）,1.8,日常活动
144,阅读（站着）,1.8,休闲娱乐
145,开汽车,2.0,日常活动
146,穿衣服，脱衣服（站或坐）,2.0,日常活动
147,梳妆打扮（站或坐）,2.0,日常活动
148,淋浴（站）,2.0,日常活动
149,铺床（站）,2.0,日常活动
150,谈话、吃东西（站）,2.0,日常活动
151,做手工艺品（中度劳动）,2.0,休闲娱乐
152,站着,2.0,日常活动
153,旅行，度假，骑马,2.0,休闲娱乐
154,驾驶摩托车,2.5,休闲娱乐
155,做头发,2.5,休闲娱乐
156,宿营，扎帐篷（站着或走动）,2.5,休闲娱乐
157,做手工艺品和艺术品，站着，中强度,3.0,休闲娱乐
158,做手工艺品和艺术品，站着，高强度,3.5,休闲娱乐
159,划船,2.5,水上运动
160,潜水，跳台跳水，跳板跳水,3.0,水上运动
161,"冲浪、冰上快艇,常规",3.0,水上运动
162,水上排球,3.0,水上运动
163,划独木舟，划船,3.5,水上运动
164,游泳，踩水,4.0,水上运动
165,水上有氧操，水上健美操,5.5,水上运动
166,划皮船,5.0,水上运动
167,航海比赛,5.0,水上运动
168,游泳，在湖、河或海里,6.0,水上运动
169,游泳，放松的,6.0,水上运动
170,划独木舟，速度7.2-9.5公里/小时，中等强度,7.0,水上运动
171,潜游，带水中呼吸器潜水,7.0,水上运动
172,仰泳,7.0,水上运动
173,慢速自由式游泳,7.0,水上运动
174,慢速狗刨游泳（50码/分钟）,8.0,水上运动
175,水中慢跑,8.0,水上运动
176,快速自由式游泳,10.0,水上运动
177,蛙泳,10.0,水上运动
178,游泳，快速踩水，高强度,10.0,水上运动
179,水球,10.0,水上运动
180,蝶泳,11.0,水上运动
181,快速狗刨游泳（75码/分钟）,11.0,水上运动
182,划独木舟，速度大于9.7公里/小时，高强度,12.0,水上运动
183,划独木舟比赛，团队比赛或双桨划水,12.0,水上运动
184,中速潜游,12.5,水上运动
185,快速潜游,16.0,水上运动
186,打台球,2.5,其他体育运动
187,掷飞镖,2.5,其他体育运动
188,足球，棒球，捉迷藏,2.5,其他体育运动
189,骑马，走路,2.5,其他体育运动
190,保龄球,3.0,球类运动
191,玩飞盘,3.0,其他体育运动
192,在练习场地打小型高尔夫,3.0,球类运动
193,排球，非比赛，6-9人打,3.0,球类运动
194,射箭（非打猎）,3.5,其他体育运动
195,高尔夫，使用电动球车,3.5,球类运动
196,乘风滑翔,3.5,其他体育运动
197,骑马，给马装马鞍，给马刷鬃毛,3.5,其他体育运动
198,跳伞,3.5,其他体育运动
199,蹦床,3.5,其他体育运动
200,做教练：橄榄球、足球、棒球、游泳等,4.0,其他体育运动
201,健美操,4.0,有氧操
202,踢沙包,4.0,其他体育运动
203,骑马,4.0,其他体育运动
204,乒乓球,4.0,""
205,太极,4.0,其他体育运动
206,田径（射击，掷铁饼，铅球）,4.0,其他体育运动
207,排球,4.0,""
208,羽毛球，单打，双打,4.5,球类运动
209,篮球，投篮,4.5,球类运动
210,高尔夫,4.5,球类运动
211,高尔夫，提着装备走路,4.5,球类运动
212,儿童游戏（跳房子，丛林游戏，抓子游戏）,5.0,休闲娱乐
213,板球（击球，滚球）,5.0,球类运动
214,滑板,5.0,球类运动
215,垒球或棒球，快速或慢速掷,5.0,球类运动
216,打网球：双打,6.0,球类运动
217,篮球（非比赛）,6.0,球类运动
218,垒球，投掷,6.0,球类运动
219,田径（跳远，投标枪，撑竿跳）,6.0,其他体育运动
220,骑马，快速,6.5,其他体育运动
221,滑冰，溜冰,7.0,其他体育运动
222,滑雪,7.0,其他体育运动
223,羽毛球比赛,7.0,球类运动
224,做篮球裁判,7.0,工作
225,美式足球，轻松的,7.0,球类运动
226,网球：一般,7.3,球类运动
227,穿雪鞋行走,8.0,走路
228,篮球比赛,8.0,球类运动
229,足球,8.0,""
230,飞盘，极限强度,8.0,球类运动
231,手球，团队,8.0,球类运动
232,曲棍球，一般场地,8.0,球类运动
233,冰上曲棍球,8.0,球类运动
234,曲棍网兜球,8.0,球类运动
235,马球,8.0,球类运动
236,攀岩，坐式下降,8.0,其他体育运动
237,慢速跳绳（约＜100次/分钟）,8.8,其他体育运动
238,打网球：单打,8.0,球类运动
239,沙滩排球,8.0,球类运动
240,排球比赛（在体育馆中）,8.0,球类运动
241,速滑（速度大于14.5公里/小时）,9.0,其他体育运动
242,拳击,9.0,其他体育运动
243,足球比赛,9.0,球类运动
244,柔道，跆拳道,10.0,其他体育运动
245,手球,12.0,球类运动
246,回力球,12.0,球类运动
247,滑冰（在队列中）,12.0,其他体育运动
248,快速跳绳（约120-160次/分钟）,12.3,其他体育运动
249,壁球,12.0,球类运动
250,速滑比赛,15.0,其他体育运动
251,慢速舞蹈（华尔兹，狐步）,3.0,舞蹈
252,跳舞，爱尔兰舞，波尔卡,4.5,舞蹈
253,草裙舞，希腊舞，佛拉明哥舞，摇摆舞,4.5,舞蹈
254,芭蕾，现代舞，扭摆舞，爵士舞，踢踏舞，吉特巴舞,4.8,舞蹈
255,有氧运动，低冲击,5.0,有氧
256,快速舞蹈,5.5,舞蹈
257,传统印第安舞,5.5,舞蹈
258,有氧舞蹈,6.5,舞蹈
259,有氧舞蹈，高强度,7.0,舞蹈
260,有氧舞蹈，以6-8英寸（约15厘米-20厘米）的步伐,8.5,舞蹈
261,有氧舞蹈，以10-12英寸（约25厘米-30厘米）的步伐,10.0,舞蹈
262,拉手风琴,1.8,乐器演奏
263,拉大提琴,2.0,乐器演奏
264,吹长笛（坐着）,2.0,乐器演奏
265,弹吉他，演奏其他古典或民族乐器（坐着）,2.0,乐器演奏
266,吹号,2.0,乐器演奏
267,吹木管乐器,2.0,乐器演奏
268,钓鱼，溜冰，静坐,2.0,休闲娱乐
269,指挥乐队,2.5,乐器演奏
270,弹钢琴，弹管风琴,2.5,乐器演奏
271,吹小号，吹喇叭,2.5,乐器演奏
272,拉小提琴,2.5,乐器演奏
273,坐着乘船钓鱼,2.5,休闲娱乐
274,打猎，划船，射箭,2.5,休闲娱乐
275,打猎，涉水,2.5,休闲娱乐
276,射击（站着）,2.5,休闲娱乐
277,在摇滚乐队弹吉他（站着）,3.0,乐器演奏
278,钓鱼,3.0,休闲娱乐
279,参加乐队游行，大鼓手,3.5,乐器演奏
280,演奏长号,3.5,乐器演奏
281,钓鱼（站着）,3.5,休闲娱乐
282,打鼓,4.0,乐器演奏
283,参加乐队游行，演奏乐器，指挥,4.0,乐器演奏
284,挖蚯蚓,4.0,休闲娱乐
285,钓鱼，在河边，走动着,4.0,休闲娱乐
286,打猎,5.0,休闲娱乐
287,钓鱼，在小溪里，站着,6.0,休闲娱乐
288,给花园浇水，站着或走着,1.5,园艺活动
289,割草坪，播种，施肥,2.5,园艺活动
290,割草，播种，施肥（走动着）,2.5,园艺活动
291,清理院子，摘花（走动着）,3.0,园艺活动
292,摘水果或蔬菜，中等强度,3.0,园艺活动
293,驾驶清雪机,3.0,园艺活动
294,收拾园艺工具（走动着）,3.0,园艺活动
295,用强力清理机械清理灌木丛和树叶,3.5,园艺活动
296,园艺工作,4.0,园艺活动
297,用雪耙清理屋顶的积雪,4.0,园艺活动
298,把杂草和树叶装进麻袋,4.0,园艺活动
299,耙草坪,4.3,园艺活动
300,用强力除草机割草,4.5,园艺活动
301,操作清雪机（走动着）,4.5,园艺活动
302,插秧，种植灌木丛,4.5,园艺活动
303,种树,4.5,园艺活动
304,清理灌木丛，用手动工具,4.5,园艺活动
305,除草，种花草树木,4.5,园艺活动
306,拉木头、装卸、劈木头,5.0,园艺活动
307,清理土地和树枝，用手推车推垃圾,5.0,园艺活动
308,挖沙箱,5.0,园艺活动
309,挖坑，种植物，堆制肥料,5.0,园艺活动
310,铺碎石,5.0,园艺活动
311,植草坪,5.0,园艺活动
312,割草坪,5.5,园艺活动
313,除草，用强力割草机（走动着）,5.5,园艺活动
314,劈木头,6.0,园艺活动
315,做园艺工作，用重型机械,6.0,园艺活动
316,除草，用手动割草机（走动着）,6.0,园艺活动
317,人工铲雪,6.0,园艺活动
318,骑自行车（＜16km/h），日常低速,4.0,有氧（自行车）
319,骑独轮车,5.0,有氧（自行车）
320,骑自行车（16-19km/h），慢速,6.8,有氧（自行车）
321,骑自行车（19-22.4km/h），中等强度,8.0,有氧（自行车）
322,骑自行车，普通路况,8.0,有氧（自行车）
323,骑自行车，越野或山地,8.5,有氧（自行车）
324,骑自行车（22.5-25.5km/h），赛车,10.0,有氧（自行车）
325,骑自行车（25.7-30.6km/h），赛车,12.0,有氧（自行车）
326,骑自行车（＞32km/h），赛车,16.0,有氧（自行车）
327,走路，在家里走来走去,2.0,走路
328,走路，在平地上，速度小于3.2公里/小时,2.0,走路
329,观赏鸟类,2.5,休闲娱乐
330,推婴儿车，跟孩子一起散步,2.5,日常活动
331,从家走到车旁，或从车站走到工作场所,2.5,走路
332,慢慢走，速度3.2公里/小时,2.5,走路
333,走路下山，速度4公里/小时,2.8,走路
334,下楼,3.0,走路
335,遛狗,3.0,""
336,走路，在硬地上，速度4公里/小时,3.0,走路
337,走路，在硬地上，中等步伐，速度4.8公里/小时,3.3,走路
338,抱婴儿或提15磅的东西，平地走,3.5,走路（负重）
339,散步,2.3,走路
340,散步，工作间隙走路,2.5,走路
341,走路，在硬地上，轻快的，速度5.6公里/小时,3.8,走路
342,推轮椅（空着，没有人坐）,4.0,走路
343,走路上班或上学,3.3,走路
344,用拐杖,5.0,走路
345,走路，在硬地上，轻快的，速度6.4公里/小时,5.0,走路
346,走路，开割草机,5.0,走路
347,远足，越野,6.0,走路
348,步行，每小时4.64到5.6公里，上坡，1到5度,5.3,走路（阻力）
349,走路，在硬地上，轻快的，速度7.2公里/小时,6.3,走路
350,急行军,6.5,走路
351,竞走,6.5,走路
352,背着背包步行,7.0,走路（负重）
353,爬山,8.0,""
354,上楼梯，爬梯子,8.0,日常活动（负重）
355,快走（8km/h）,8.0,走路
356,提东西上楼,9.0,日常活动（负重）
357,提20-30kg的东西上楼,10.0,日常活动（负重）
358,提30kg以上的东西上楼,12.0,日常活动（负重）
359,跑步，6公里/小时,6.7,跑步
360,跑步，6.5公里/小时,7.2,跑步
361,跑步，7公里/小时,7.7,跑步
362,跑步，7.5公里/小时,8.1,跑步
363,山地爬坡，抗阻力,14.0,有氧（自行车）
364,山地竞赛,16.0,有氧（自行车）
365,功率自行车，90-100瓦,6.8,有氧（自行车）
366,功率自行车，101-160瓦,8.8,有氧（自行车）
367,功率自行车，161-200瓦,11.0,有氧（自行车）
368,功率自行车，201-270瓦,14.0,有氧（自行车）
369,功率自行车，疾驰,8.5,有氧（自行车）
370,高强度体操，如快速俯卧撑，仰卧起坐，引体向上,3.8,抗阻训练
371,椭圆机，中等强度,6.0,有氧（器械）
372,普拉提，常规,3.0,普拉提
373,教授健身课程,6.8,跑步
374,力量瑜伽,4.0,瑜伽
375,断食瑜伽,2.0,瑜伽
376,Keep 瑜伽：拜日式,5.3,瑜伽
377,坐姿陪跟孩子玩耍（低强度）,2.2,休闲娱乐
378,站姿陪小孩玩耍（低强度）,2.8,休闲娱乐
379,走动或跑步陪孩子玩耍（高强度）,5.8,休闲娱乐
380,抱着孩子走动，孩子体重大于等于6.75公斤,3.0,走路（负重）
381,抱着孩子走动，孩子体重小于6.75公斤,2.3,走路（负重）
382,抱孩子站立,2.0,日常活动
383,照看孩子（常规）,2.5,家务
384,照看孩子，坐姿或跪姿（低强度）,2.0,家务
385,照看孩子，站姿（中等强度）,3.0,家务
386,跟婴儿一起斜躺着,1.5,""
387,母乳哺育，坐或躺,2.0,家务
388,静坐（常规）,1.3,日常活动
389,烦躁不安的坐着，手不停的动（常规）,1.5,日常活动
390,"坐着,脚不停的动",1.8,日常活动
391,双手托着头坐着,1.3,日常活动
392,烦躁不安的站着,1.8,日常活动
393,驾驶拖拉机,2.8,日常活动
394,种植、浇灌、移栽植物（低强度）,2.0,园艺活动
395,弯腰种草或灌木（中等强度）,4.3,园艺活动
396,弯腰种庄稼或花木（中等强度）,4.3,园艺活动
397,铲泥土,5.5,园艺活动
398,走动中播种施肥,3.0,园艺活动
399,坐着玩棋盘游戏,1.5,休闲娱乐
400,坐着玩国际象棋,1.5,休闲娱乐
401,站着复制文件,1.5,休闲娱乐
402,站着绘画、写作,1.8,休闲娱乐
403,坐着大笑,1.0,日常活动
404,坐着阅读图书、报纸等,1.3,休闲娱乐
405,坐着玩视频游戏、电脑游戏,1.0,休闲娱乐
406,站着打电话，用电脑或者发短信与人交谈（低强度）,1.8,日常活动
407,坐着学习，包括读或写（低强度）,1.3,日常活动
408,坐着上课，包括记笔记或课堂讨论,1.8,日常活动
409,各种各样的活动，站姿,2.5,日常活动
410,坐着做工艺品、雕刻木头、纺织（低强度）,1.8,休闲娱乐
411,家庭聚会，放松坐着交谈、吃东西,1.8,休闲娱乐
412,家庭聚会，跟孩子们玩游戏,3.0,休闲娱乐
413,乘车旅游,2.0,休闲娱乐
414,步行旅游,3.5,休闲娱乐
415,露营（中低强度）,2.5,休闲娱乐
416,坐着看体育赛事,1.5,休闲娱乐
417,空乘服务,3.0,工作
418,装订,2.3,日常活动
419,搬运重物(例如，砖块，工具),8.0,体力活
420,酒店清理服务，铺床，打扫浴室，推车,4.0,体力活
421,煤炭的开采，常规,5.5,体力活
422,煤炭的开采、铲煤,6.3,体力活
423,消防队员，抢救受害者，处理汽车事故,6.8,体力活
424,消防队员，攀登梯子、模拟火灾演习,8.0,体力活
425,清洁工、走动中把垃圾倒进卡车,4.0,体力活
426,发型师(例如，做头发，修指甲，化妆师),1.8,工作
427,养马，包括喂马、清洁马厩，给马洗澡，刷牙、剪毛、溜马,7.3,园艺活动
428,果园工作，采摘水果,4.5,园艺活动
429,警察、指挥交通，站姿,2.5,工作
430,警察，驾驶警车，坐姿,2.5,工作
431,邮递员，投递邮件,2.3,工作
432,修鞋匠，常规,2.0,工作
433,挖水沟,7.8,体力活
434,挖掘，小于4.5公斤/分钟，中等强度,5.0,体力活
435,坐着工作，低强度(例如，办公室工作，化学实验室工作，电脑作业，轻工装配维修、手表维修、阅读、文书工作),1.5,工作
436,坐着开会、低强度，常规，与人交谈(例如，商业会议),1.5,工作
437,坐着工作，中等强度(例如，推动沉重的杠杆，操作叉车),2.5,工作
438,坐着拉伸或瑜伽教学，低强度,2.8,拉伸
439,站着工作，低强度(例如，调酒，商店的职员、装配、文件归档、复制、图书馆员),3.0,工作
440,站着工作，中低强度(例如，汇编/维修重型配件、焊接、汽车修理、包装、护理病人),3.0,工作
441,驾驶卡车、站立或走动中装卸重物,6.5,体力活
442,驾驶货运卡车、出租车、学校班车,2.0,体力活
443,使用重型电动工具(如手提钻),6.3,体力活
444,布景工作者、戏剧演员、后台工作者,3.0,体力活
445,原地慢跑,8.0,跑步
446,小步慢跑,4.5,跑步
447,跑步、19.2公里每小时(3.125分钟/公里),19.0,跑步
448,跑步、20.8公里每小时(2.885分钟/公里),19.8,跑步
449,跑步、22.4公里每小时(2.679分钟/公里),23.0,跑步
450,跑步、马拉松,13.3,跑步
451,准备睡觉，常规，站姿,2.3,日常活动
452,坐着沐浴,1.5,日常活动
453,坐着吃东西,1.5,日常活动
454,吃东西或边吃边聊天，站姿,2.0,日常活动
455,吃药，坐或站,1.5,日常活动
456,整理仪容、洗手、剃须，刷牙，化妆，坐或站,2.0,日常活动
457,美发，站姿,2.5,日常活动
458,美发或美甲，坐姿,1.3,休闲娱乐
459,淋浴，用毛巾擦拭，站姿,2.0,日常活动
460,性行为，主动，高强度,2.8,日常活动
461,性行为，常规，中等强度,1.8,日常活动
462,性行为，被动，低强度，接吻，拥抱,1.3,日常活动
463,儿童游戏，成年人玩(如跳房子，躲避球，电玩游戏)，中等强度,5.8,休闲娱乐
464,啦啦操比赛,6.0,有氧操
465,槌球,3.3,球类运动
466,冰壶,4.0,其他体育运动
467,飙车,6.0,其他体育运动
468,赛车公开赛,8.5,其他体育运动
469,击剑,6.0,其他体育运动
470,高尔夫球，常规,4.8,球类运动
471,高尔夫球，走动中，推杆,4.3,球类运动
472,微型高尔夫球、在练习场,3.0,球类运动
473,高尔夫球、走动中、拉杆,5.3,球类运动
474,高尔夫球，使用电动推车,3.5,球类运动
475,体操，常规,3.8,体操
476,高空走绳索,4.0,其他体育运动
477,悬挂式滑翔运动,3.5,其他体育运动
478,武术，不同类型、慢速，初学者,5.3,其他体育运动
479,武术，不同类型、中等强度(例如:柔术、空手道、柔道、踢拳击、跆拳道、泰拳、tai-bo拳击),10.3,其他体育运动
480,杂耍,4.0,其他体育运动
481,长曲棍球,8.0,球类运动
482,定向越野,9.0,其他体育运动
483,扳手球比赛,10.0,球类运动
484,扳手球、休闲、常规,6.0,球类运动
485,攀岩或爬山,8.0,其他体育运动
486,橄榄球比赛,8.3,球类运动
487,橄榄球、非比赛,6.3,球类运动
488,沙壶球,3.0,球类运动
489,滚轴滑冰,7.0,其他体育运动
490,观看体育赛事，很兴奋、有身体动作,3.3,休闲娱乐
491,摔跤(一场= 5分钟),6.0,其他体育运动
492,驾驶汽车和轻型卡车(非半挂式),2.5,日常活动
493,乘飞机或直升机,1.8,日常活动
494,骑摩托车,3.5,日常活动
495,步行，锻炼，使用滑雪杖,6.8,走路（阻力）
496,徒步越野,6.0,走路
497,行军，中速、无背包,4.5,走路
498,行军，快速，无背包,8.0,走路
499,推拉童车行走或怀孕时行走，4到4.96公里每小时,4.0,走路（负重）
500,步行，每小时4公里，平地,3.0,走路
501,步行，每小时4公里，下坡,3.3,走路
502,步行，每小时4.48到5.12公里、平地,3.5,走路（负重）
503,快走（5.6km/h）,4.3,走路
504,步行，锻炼，每小时5.6到6.4公里，使用滑雪杖,4.8,走路（阻力）
505,步行，每小时4.64到5.6公里，上坡，6到15度,8.0,走路（阻力）
506,步行，每小时6.4公里，平地,5.0,走路
507,步行，每小时8公里、平地,8.3,走路
508,步行，每小时8公里，上坡，3度,9.8,走路（阻力）
509,步行、在草地上,4.8,走路
510,背包徒步旅行,7.8,走路（负重）
511,步行，锻炼，每小时8公里，使用滑雪杖,9.5,走路（阻力）
512,步行，后退，每小时5.6公里，平地,6.0,走路（阻力）
513,走路上山，速度5.6公里/小时,6.0,走路（阻力）
514,步行，后退，每小时5.6公里，上坡，5度,8.0,走路（阻力）
515,驾驶电动船,2.5,水上运动
516,皮划艇，中等强度,5.0,水上运动
517,脚踏船,4.0,水上运动
518,帆船竞赛,4.5,水上运动
519,帆船、平底船、航海、游艇、休闲,3.3,水上运动
520,滑水、冲浪,6.0,水上运动
521,轻装潜水、常规,7.0,水上运动
522,浮潜,5.0,水上运动
523,花样游泳,8.0,水上运动
524,"使用工具漂浮在河上,常规",2.3,水上运动
525,水中有氧运动、水中健美操,5.5,水上运动
526,"水中行走、低强度,缓慢",2.5,水上运动
527,"漂流,划皮划艇或独木舟",5.0,水上运动
528,冲浪竞赛、动力加速,13.5,水上运动
529,站立或走动中做志愿工作,3.0,走路
530,茉雅减肥操（参考值）,6.3,有氧操
531,郑多燕减肥操1（小红帽）,6.3,有氧操
532,郑多燕减肥操2（哑铃操）,7.5,有氧操
533,郑多燕减肥操3（小灰帽）,5.0,有氧操
534,郑多燕减肥操4,5.0,有氧操
535,郑多燕减肥操5,5.5,有氧操
536,pump it up 04,6.8,有氧操
537,pump it up 05,6.5,有氧操
538,pump it up 06,6.6,有氧操
539,pump it up 07,6.8,有氧操
540,pump it up 08,6.7,有氧操
541,pump it up 09,6.7,有氧操
542,pump it up 10,6.7,有氧操
543,pump it up 11,6.7,有氧操
544,pump it up 12,6.7,有氧操
545,转呼啦圈,3.5,其他体育运动
546,平板支撑（plank）,8.0,抗阻训练
547,深蹲,7.5,""
548,Insanity,8.0,HIIT 
549,仰卧起坐,7.0,""
550,卷腹,7.5,""
551,俯卧撑,8.5,""
552,臀桥,6.8,""
553,T25,7.5,HIIT
554,走路,3.5,走路
555,跑步,7.0,跑步
556,游泳,7.5,水上运动
557,跳操,7.0,有氧操
558,器械,8.5,""
559,瑜伽,3.0,瑜伽
560,自行车,6.8,""
561,球类运动,5.0,球类运动
562,快走（6km/h）,4.8,""
563,哑铃飞鸟,6.0,力量训练（器械）
564,哑铃俯身臂伸,5.5,力量训练（器械）
565,靠墙俯卧撑,5.5,抗阻训练
566,走路(慢),2.3,""
567,跑步(慢),6.5,跑步
568,爬楼梯,6.4,""
569,中速跳绳（约100-120次/分钟）,11.8,水上运动
570,游泳,6.5,水上运动
571,自行车,6.8,有氧（自行车）
572,舞蹈，健身操,6.0,有氧操
573,踏板操,7.5,有氧操
574,Keep 瑜伽，普拉提,3.0,瑜伽
575,茉雅减肥操,6.0,""
576,BodyJam58,6.3,有氧操
577,Pump2004,6.0,有氧操
578,Kitty（中级版）,6.0,有氧操
579,篮球,6.5,""
580,足球,7.0,球类运动
581,排球,5.7,球类运动
582,乒乓球,4.0,球类运动
583,羽毛球,5.5,""
584,网球,5.0,""
585,壁球,7.0,球类运动
586,橄榄球,6.3,球类运动
587,垒球，棒球,4.0,球类运动
588,曲棍球,7.8,球类运动
589,攀岩，爬山,9.5,其他体育运动
590,滑板,5.0,休闲娱乐
591,滑冰，滑雪,7.0,其他体育运动
592,击剑,6.0,其他体育运动
593,快走（6.4km/h）,5.0,走路
594,跑步(快),8.6,跑步
595,超模25减肥操第一季,10.0,有氧操
596,超模25减肥操第二季,10.0,有氧操
597,跟婴儿一起斜躺着,1.5,日常活动
598,看电影（坐）,1.0,日常活动
599,唱卡拉OK,3.0,日常活动(负重)
600,逛街购物,3.0,日常活动
601,密室逃脱,4.0,休闲娱乐
602,送快递（外卖）,4.0,体力活
603,餐厅服务生,4.0,园艺活动
604,快走（5km/h）,4.0,走路
605,超模25减肥操第三季,10.0,有氧操
606,Sweary Betty35分钟舞蹈风格有氧操,11.0,有氧操
607,Keep 有氧操 - 燃脂派对,10.0,有氧操
608,Keep 有氧操 - 全身燃脂入门,9.0,有氧操
609,Keep 有氧操 - Keep Fit 01,10.0,有氧操
610,Keep 有氧操 - Keep Fit 02,11.0,有氧操
611,Keep 有氧操 - Keep Fit 03,12.0,有氧操
612,Keep 有氧操 - 全身燃动,12.0,有氧操
613,Keep 有氧操 - 动感舞步入门,7.0,有氧操
614,Keep 有氧操 - 动感舞步初级,7.0,有氧操
615,Kpop流行歌曲减肥舞（女团燃脂舞）,6.0,有氧操
616,Switch 健身环,7.0,有氧操
617,宝莱坞女星30分钟高效燃脂,8.0,有氧操
618,开合跳,5.0,""
619,勾腿跳,5.0,有氧
620,高抬腿,5.0,有氧
621,波比跳（ burpees）,7.0,有氧
622,楼梯机,9.0,有氧（器械）
623,广场舞,6.0,舞蹈
624,Keep 空中瑜伽,5.0,瑜伽
625,Keep 产后瑜伽,3.0,瑜伽
626,Keep 睡前舒缓,3.0,瑜伽
627,Keep 舒缓瑜伽 - 午间肩颈放松,3.0,瑜伽
628,Keep 舒缓瑜伽 - 午间腰背放松,3.0,瑜伽
629,Keep 零基础瑜伽 - 核心培养,3.0,瑜伽
630,Keep 零基础瑜伽 - 臀腿拉伸,3.0,瑜伽
631,Keep 零基础瑜伽 - 全身平衡,3.0,瑜伽
632,Keep 零基础瑜伽 - 肩臂放松,3.0,瑜伽
633,Keep 零基础瑜伽 - 脊柱唤醒,3.0,瑜伽
634,Keep 瑜伽 - 柔韧提升,3.0,瑜伽
635,Keep 瑜伽 - 晨间唤醒,3.0,瑜伽
636,Keep 瑜伽 - 晨间肩颈唤醒,3.0,瑜伽
637,Keep 瑜伽 - 站姿力量体式入门,4.0,瑜伽
638,Keep 瑜伽 - 站姿柔韧体式入门,3.0,瑜伽
639,Keep 瑜伽 - 坐姿扭转体式入门,3.0,瑜伽
640,Keep 瑜伽 - 仰卧体式入门,3.0,瑜伽
641,Keep 瑜伽 - 平衡能力进阶,3.0,瑜伽
642,Keep 瑜伽 - 平衡提升,3.0,瑜伽
643,Keep 瑜伽 - 核心力量,3.0,瑜伽
644,Keep 瑜伽 - 基础力量,3.0,瑜伽
645,Keep 瑜伽 - 臀腿塑形,3.0,瑜伽
646,Keep 瑜伽 - 臀腿塑形进阶,3.0,瑜伽
647,Keep 瑜伽 - 腰腹塑形,3.0,瑜伽
648,Keep 瑜伽 - 腰腹塑形进阶,3.0,瑜伽
649,Keep 瑜伽 - 肩臂紧致,3.0,瑜伽
650,Keep 瑜伽 - 生理期轻度舒缓,3.0,瑜伽
651,Keep 瑜伽 - 生理期舒缓,3.0,瑜伽
652,Keep 阿斯汤伽一级 - 热身序列,3.0,瑜伽
653,Keep 阿斯汤伽一级 - 全序列,3.0,瑜伽
654,Keep 阿斯汤伽一级 - 站姿序列,3.0,瑜伽
655,Keep 阿斯汤伽一级 - 坐姿序列,3.0,瑜伽
656,Keep 阿斯汤伽一级 - 坐姿序列进阶,3.0,瑜伽
657,Keep 阿斯汤伽一级 - 仰卧序列,3.0,瑜伽
658,Keep 阿斯汤伽一级 - 仰卧序列进阶,3.0,瑜伽
659,Keep 流瑜伽 - 热汗燃脂,3.0,瑜伽
660,Keep 流瑜伽 - 手臂紧致,3.0,瑜伽
661,Keep 流瑜伽 - 腰腹紧致,3.0,瑜伽
662,Keep 流瑜伽 - 背部紧致,3.0,瑜伽
663,Keep 流瑜伽 - 臀腿紧致,3.0,瑜伽
664,Keep 流瑜伽 - 正面线条塑造,3.0,瑜伽
665,Keep 流瑜伽 - 背面线条塑造,3.0,瑜伽
666,Keep 流瑜伽 - 侧面线条塑造,3.0,瑜伽
667,Keep 阴瑜伽 - 髋部打开,3.0,瑜伽
668,Keep 阴瑜伽 - 美丽腿型,3.0,瑜伽
669,Keep 阴瑜伽 - 舒缓肩颈,3.0,瑜伽
670,Gymra45分钟普拉提,3.0,普拉提
671,温达普拉提,3.0,普拉提
672,Keep HIIT全身燃动,9.0,HIIT
673,Keep HIIT燃脂，全身初级,5.0,HIIT
674,Keep HIIT燃脂，全身进阶,6.0,HIIT
675,Keep HIIT燃脂，全身强化,7.0,HIIT
676,Keep HIIT燃脂，腰腹强化,7.0,HIIT
677,Keep HIIT燃脂，臀腿强化,7.0,HIIT
678,Keep HIIT燃脂，腰腹初级,5.0,HIIT
679,Keep HIIT燃脂，腰腹进阶,6.0,HIIT
680,Keep HIIT燃脂，腰腹强化,7.0,HIIT
681,Keep 高效燃脂18招 - 老韩霸气,10.0,HIIT
682,Keep 高效燃脂XJBL经典模版 - 灵魂健身杨老师,10.0,HIIT
683,Keep 健身单车强化HIIT,10.0,HIIT
684,Keep 跳绳HIIT初级,5.0,HIIT
685,Keep 跳绳HIIT高级,9.0,HIIT
686,Keep 李现HIIT燃脂挑战,8.0,HIIT
687,Keep 突击减脂训练,9.0,HIIT
688,TABATA,8.0,TABATA
689,平板卧推,6.0,力量训练（器械）
690,哑铃卧推,6.0,力量训练（器械）
691,哑铃臀桥支撑卧推,7.0,力量训练（器械）
692,哑铃钻石卧推,6.0,力量训练（器械）
693,上斜哑铃卧推,6.0,力量训练（器械）
694,上斜哑铃划船,6.0,力量训练（器械）
695,哑铃平底飞鸟,5.0,力量训练（器械）
696,斯万夹胸,5.0,力量训练（器械）
697,仰卧哑铃上拉,6.0,力量训练（器械）
698,哑铃锤式复合推举,5.0,力量训练（器械）
699,哑铃侧平举,5.0,力量训练（器械）
700,哑铃正握前平举,5.0,力量训练（器械）
701,哑铃弯举,5.0,力量训练（器械）
702,左（右）侧保加利亚深蹲,6.0,力量训练（器械）
703,俯身哑铃臂屈伸,5.5,力量训练（器械）
704,哑铃深蹲,6.0,力量训练（器械）
705,哑铃提蹭,5.5,力量训练（器械）
706,哑铃对握推举,7.0,力量训练（器械）
707,哑铃硬拉,8.0,力量训练（器械）
708,左（右）侧哑铃孤立弯举,6.0,力量训练（器械）
709,左（右）侧环状哑铃深蹲推举,7.0,力量训练（器械）
710,环状哑铃弓步挥举,8.0,力量训练（器械）
711,俯身哑铃划船,8.0,力量训练（器械）
712,环状哑铃摆荡,8.0,力量训练（器械）
713,哑铃相扑深蹲,7.0,力量训练（器械）
714,倾斜左（右）侧哑铃侧平举,7.0,力量训练（器械）
715,俯卧哑铃反向飞鸟,7.0,力量训练（器械）
716,坐姿颈后哑铃臂屈伸,7.0,力量训练（器械）
717,哑铃后撤交替箭步蹲,8.0,力量训练（器械）
718,哑铃斜向后后撤箭步蹲,8.0,力量训练（器械）
719,哑铃侧弓步,8.0,力量训练（器械）
720,哑铃直腿硬拉,8.0,力量训练（器械）
721,罗马尼亚硬拉,8.0,力量训练（器械）
722,左（右）侧哑铃单腿硬拉,8.0,力量训练（器械）
723,左（右）侧哑铃低位伐木,8.0,力量训练（器械）
724,坐姿腿屈伸,8.0,力量训练（器械）
725,trx悬挂带划船,8.0,力量训练（器械）
726,trx悬挂带悬挂举腿,8.0,力量训练（器械）
727,trx悬挂带高位划船,8.0,力量训练（器械）
728,trx悬挂带左（右）侧侧支撑,8.0,力量训练（器械）
729,trx悬挂带静态直腿臀桥,8.0,力量训练（器械）
730,trx悬挂带俯卧收腹提膝,8.0,力量训练（器械）
731,trx悬挂带平板支撑,8.0,力量训练（器械）
732,trx悬挂带拉锯式平板支撑,8.0,力量训练（器械）
733,trx悬挂带俯身登山,8.0,力量训练（器械）
734,trx悬挂带深蹲划船组合,8.0,力量训练（器械）
735,trx悬挂带T字型飞鸟弓箭步,8.0,力量训练（器械）
736,trx悬挂带左（右）侧单腿硬拉,8.0,力量训练（器械）
737,trx悬挂带深蹲,8.0,力量训练（器械）
738,trx悬挂带深蹲跳,8.0,力量训练（器械）
739,trx悬挂带左（右）侧悬挂箭步蹲跳,8.0,力量训练（器械）
740,trx悬挂带推胸,8.0,力量训练（器械）
741,trx悬挂带仰卧腿弯举,8.0,力量训练（器械）
742,trx悬挂带三头臂屈伸,8.0,力量训练（器械）
743,trx悬挂带二头弯举,8.0,力量训练（器械）
744,trx悬挂带左（右）侧悬挂箭步蹲跳,8.0,力量训练（器械）
745,trx悬挂带左（右）侧悬挂箭步蹲跳,8.0,力量训练（器械）
746,引体向上宽（窄）握,8.0,力量训练（器械）
747,杠铃深蹲,8.0,力量训练（器械）
748,杠铃箱式深蹲,8.0,力量训练（器械）
749,杠铃颈后深蹲,8.0,力量训练（器械）
750,杠铃臀推,8.0,力量训练（器械）
751,杠铃硬拉,8.0,力量训练（器械）
752,杠铃屈腿硬拉,8.0,力量训练（器械）
753,杠铃直腿硬拉,8.0,力量训练（器械）
754,杠铃罗马尼亚硬拉,8.0,力量训练（器械）
755,站姿杠铃推举,8.0,力量训练（器械）
756,杠铃宽握提拉,8.0,力量训练（器械）
757,杠铃卧推,8.0,力量训练（器械）
758,杠铃弯举,8.0,力量训练（器械）
759,反握杠铃弯举,8.0,力量训练（器械）
760,俯身杠铃划船,8.0,力量训练（器械）
761,杠铃跪蹲,8.0,力量训练（器械）
762,杠铃箭步蹲,8.0,力量训练（器械）
763,坐姿推胸,8.0,力量训练（器械）
764,蝴蝶夹胸,8.0,力量训练（器械）
765,直臂夹胸,8.0,力量训练（器械）
766,高位下拉,8.0,力量训练（器械）
767,反握器械高位下拉,8.0,力量训练（器械）
768,坐姿划船,8.0,力量训练（器械）
769,T杆俯身划船,8.0,力量训练（器械）
770,坐姿推肩,8.0,力量训练（器械）
771,器械侧平举,8.0,力量训练（器械）
772,坐姿腿弯举,8.0,力量训练（器械）
773,俯身腿弯举,8.0,力量训练（器械）
774,站姿腿弯举,8.0,力量训练（器械）
775,坐姿髋外展,8.0,力量训练（器械）
776,坐姿夹腿,8.0,力量训练（器械）
777,哈克深蹲,8.0,力量训练（器械）
778,史密斯深蹲,8.0,力量训练（器械）
779,坐姿蹬腿,8.0,力量训练（器械）
780,站（坐）姿提踵,8.0,力量训练（器械）
781,器械卷腹,8.0,力量训练（器械）
782,负重体旋转,8.0,力量训练（器械）
783,山羊挺身,8.0,力量训练（器械）
784,拉力器前平举,8.0,力量训练（器械）
785,拉力器侧平举,8.0,力量训练（器械）
786,拉力器夹胸,8.0,力量训练（器械）
787,拉力器屈臂下拉,8.0,力量训练（器械）
788,悬垂举腿,8.0,力量训练（器械）
789,龙门架二头弯举,8.0,力量训练（器械）
790,龙门架夹胸,8.0,力量训练（器械）
791,壶铃摆荡,8.0,力量训练（器械）
792,壶铃抓举,8.0,力量训练（器械）
793,壶铃高脚杯深蹲,8.0,力量训练（器械）
794,壶铃高举,8.0,力量训练（器械）
795,壶铃硬拉,8.0,力量训练（器械）
796,跪姿释手俯卧撑,8.0,抗阻训练
797,上斜俯卧撑,8.0,抗阻训练
798,左（右）侧偏重俯卧撑,8.0,抗阻训练
799,钻石俯卧撑,8.0,抗阻训练
800,宽（窄）距俯卧撑,8.0,抗阻训练
801,蜘蛛俯卧撑,8.0,抗阻训练
802,单腿屈腿两头起,6.0,抗阻训练
803,屈膝收腹,6.0,""
804,西西里卷腹,6.0,抗阻训练
805,空中蹬车,6.0,""
806,屈腿两头起,6.0,抗阻训练
807,仰卧举腿,6.0,抗阻训练
808,卷腹摸膝,6.0,抗阻训练
809,V字支撑转体,6.0,抗阻训练
810,俄罗斯转体,6.0,""
811,反向屈腿卷腹,6.0,抗阻训练
812,侧卧左（右）侧卷腹抬腿,6.0,抗阻训练
813,仰卧交替抬腿,6.0,抗阻训练
814,左（右）腿翘曲卷腹转体,6.0,抗阻训练
815,支撑侧提膝,6.0,抗阻训练
816,仰卧风车,7.0,抗阻训练
817,俯身登山,7.0,抗阻训练
818,左（右）侧侧支撑抬臀,6.0,抗阻训练
819,支撑交替摸肩,6.0,抗阻训练
820,deadbugs,5.0,抗阻训练
821,抬腿手臂振动,5.0,抗阻训练
822,弹力带臀桥,6.0,抗阻训练
823,弹力圈臀桥外展,6.0,抗阻训练
824,俯卧弹力带划船,7.0,抗阻训练
825,侧卧弹力圈蚌式开合,6.0,抗阻训练
826,弹力圈绑膝深蹲,7.0,抗阻训练
827,站姿弹力圈后抬腿,6.0,抗阻训练
828,跪姿弹力带后踢腿,6.0,抗阻训练
829,弹力带绑膝交替蟹步走,6.0,抗阻训练
830,俯身弹力绳反向飞鸟,6.0,抗阻训练
831,站姿弹力绳划船,7.0,抗阻训练
832,弹力绳高位面拉,6.0,抗阻训练
833,弹力绳弯举,6.0,抗阻训练
834,弹力绳高位下拉,7.0,抗阻训练
835,弹力绳高位划船,6.0,抗阻训练
836,眼力绳直臂下拉,6.0,抗阻训练
837,弹力绳过顶臂屈绳,6.0,抗阻训练
838,林芊妤20min瘦腿,6.0,自由训练
839,美丽芭蕾天鹅臂,6.0,自由训练
840,美丽芭蕾大腿外侧,7.0,自由训练
841,美丽芭蕾大腿内侧,7.0,自由训练
842,美丽芭蕾第三套 瘦腿提臀,7.0,自由训练
843,美丽芭蕾第四套 终极瘦腿,7.0,自由训练
844,周六野Zoey5分钟运动 小蛮腰马甲线,7.0,自由训练
845,周六野Zoey5分钟运动 瘦下腹减小肚子,7.0,自由训练
846,周六野Zoey5分钟运动 改善斜方肌,4.0,自由训练
847,周六野Zoey5分钟运动 8分钟进阶美背运动,6.0,自由训练
848,周六野Zoey5分钟运动 10分钟全程站立马甲线瘦腰运动,6.0,自由训练
849,周六野Zoey5分钟运动 15分钟美背运动,7.0,自由训练
850,周六野Zoey5分钟运动 10分钟HIIT有氧极速瘦身,8.0,自由训练
851,周六野Zoey5分钟运动 20分钟无跳动不伤膝盖超燃脂有氧运动,7.0,自由训练
852,周六野Zoey5分钟运动 快速瘦小腿,7.0,自由训练
853,周六野Zoey5分钟运动 20分钟低难度有氧运动,7.0,自由训练
854,Keep 腹肌激活,5.0,自由训练
855,Keep 马甲线养成,6.0,自由训练
856,Keep 宿舍马甲线养成,5.0,自由训练
857,Keep 腹肌撕裂者初级,5.0,自由训练
858,Keep 腹肌撕裂者进阶,6.0,自由训练
859,Keep 腹肌撕裂者强化,7.0,自由训练
860,Keep 腹肌塑造进阶,6.0,自由训练
861,Keep 腹肌塑造强化,7.0,自由训练
862,Keep 核心功能进阶,6.0,自由训练
863,Keep 完美腰腹线条塑造 - Nikko大宁,7.0,自由训练
864,Keep 李现碎片时间腹肌雕刻,5.0,自由训练
865,Keep 宿舍瘦腿训练,4.0,自由训练
866,Keep 瘦腿训练,4.0,自由训练
867,Keep 下肢拉伸,3.0,自由训练
868,Keep 一字马横叉,4.0,自由训练
869,Keep 周六野的瘦腿秘籍,6.0,自由训练
870,Keep 零基础臀部塑形,4.0,自由训练
871,Keep 完美蜜桃臀打造,5.0,自由训练
872,Keep 翘臀养成,5.0,自由训练
873,Keep 3分钟纤薄少女背训练,3.0,自由训练
874,Keep 上肢综合热身,3.0,自由训练
875,Keep 驼背改善，脊柱调整,3.0,自由训练
876,Keep 家庭背部训练，哑铃,6.0,自由训练
877,Keep 女生小哑铃塑形，背部强化,6.0,自由训练
878,Keep 3分钟一字肩训练,3.0,自由训练
879,Keep 上肢拉伸,3.0,自由训练
880,Keep 上肢综合热身,3.0,自由训练
881,Keep 女生小哑铃塑形，肩部强化,6.0,自由训练
882,Keep 哑铃肩部塑形,7.0,自由训练
883,Keep 健身房力量强化，肩,9.0,自由训练
884,Keep 健身房力量强化，腿,9.0,自由训练
885,Keep AC的手臂甩肉秘籍,4.0,自由训练
886,Keep 哑铃手臂塑形,7.0,自由训练
887,Keep 芭蕾形体，天鹅臂入门,5.0,自由训练
888,Keep 哑铃手臂轰炸,7.0,自由训练
889,Keep 3分钟天鹅颈训练,3.0,自由训练
890,Keep 生理期减脂有氧,3.0,自由训练
891,Keep 小腿按摩,2.0,自由训练
892,Higher老师瘦手臂操,5.0,自由训练
893,帕梅拉Pamela10分钟新手腹肌,5.0,自由训练
894,帕梅拉Pamela一首歌虐腹,6.0,自由训练
895,帕梅拉Pamela20分钟新手全身训练,7.0,自由训练
896,帕梅拉Pamela一首歌瘦腿,5.0,自由训练
897,帕梅拉Pamela10分钟唤醒训练,5.0,自由训练
898,帕梅拉Pamela8分钟燃脂虐腹,7.0,自由训练
899,帕梅拉Pamela20分钟虐腿臀部二合一,8.0,自由训练
900,帕梅拉Pamela12分钟瘦腿,8.0,自由训练
901,帕梅拉Pamela15分钟HIIT ,9.0,自由训练
902,帕梅拉Pamela10分钟六块腹肌,7.0,自由训练
903,帕梅拉Pamela10分钟燃脂,9.0,自由训练
904,帕梅拉Pamela10分钟虐腹,7.0,自由训练
905,帕梅拉Pamela20分钟全身训练升级版,9.0,自由训练
906,帕梅拉Pamela20分钟臀部训练,8.0,自由训练
907,帕梅拉Pamela7分钟平板支撑,8.0,自由训练
908,帕梅拉Pamela15分钟快乐舞蹈操,6.0,自由训练
909,帕梅拉Pamela15分钟复古舞蹈操,6.0,自由训练
910,帕梅拉Pamela15分钟性感舞蹈操,6.0,自由训练
911,帕梅拉Pamela10分钟美背训练,6.0,自由训练
912,帕梅拉Pamela12分钟阻力带臀部训练,8.0,自由训练
913,帕梅拉Pamela15分钟大腿内外侧训练,7.0,自由训练
914,帕梅拉Pamela15分钟低冲击臀部训练,7.0,自由训练
915,帕梅拉Pamela10分钟上肢训练,6.0,自由训练
916,帕梅拉Pamela30分钟瑜伽,4.0,自由训练
917,帕梅拉Pamela12分钟中等强度腹肌训练,8.0,自由训练
918,帕梅拉Pamela10分钟紧实手臂,6.0,自由训练
919,帕梅拉Pamela10分钟臀部激活训练,7.0,自由训练
920,帕梅拉Pamela10分钟袜子腹部训练,7.0,自由训练
921,帕梅拉Pamela10分钟放松拉伸,3.0,自由训练
922,韩知恩女团腿拉伸,3.0,自由训练
923,Chloe ting10分钟腹肌撕裂,7.0,自由训练
924,Chloe ting16分钟打造细腰圆臀,7.0,自由训练
925,Chloe ting12分钟全身HIIT,8.0,自由训练
926,Chloe ting10分钟上肢训练,6.0,自由训练
927,Chloe ting10分钟双臂线条,6.0,自由训练
928,Chloe ting30分钟高强度全身燃脂,10.0,自由训练
929,Chloe ting25分钟燃烧250-300大卡的全身运动,10.0,自由训练
930,刘畊宏本草纲目毽子操（参考值）,5.7,自由训练
931,刘畊宏直播（参考值）,5.7,自由训练
932,刘畊宏龙拳（参考值）,7.7,自由训练
933,刘畊宏牛仔很忙（参考值）,5.0,自由训练
934,刘畊宏女神操（参考值）,5.5,自由训练
935,刘畊宏跟练合集（参考值）,5.8,自由训练
936,泰拳,10.0,""
937,尊巴,6.7,""
938,有氧运动（高强度）,6.0,""
939,有氧运动（轻强度）,2.5,""
940,有氧运动（中强度）,4.0,""
941,舞力全开（参考值）,5.6,""
942,王心凌爱你燃脂舞（参考值）,4.5,""
943,王心凌爱你燃脂舞（参考值）,4.5,""
944,八段锦,3.1,""
945,健身秧歌：第五套,4.4,""
946,健身秧歌：第六套,6.2,""
947,六字诀,2.2,""
948,苗鼓,6.4,""
949,太极剑：32式,4.5,""
950,太极剑：一般,2.6,""
951,太极拳：24式简化，低架势,4.9,""
952,太极拳：24式简化，高架势，不同水平,3.8,""
953,太极拳：24式简化，中架势,4.2,""
954,太极拳：24式简化，自由架势,3.9,""
955,太极拳：八法五步,3.1,""
956,太极拳：分解动作（推手），高强度,7.3,""
957,太极拳：分解动作（野马分鬃、云手、高架倒卷肱），高架势,3.1,""
958,太极拳：竞技套路,6.7,""
959,太极拳：杨氏，改良32式,3.2,""
960,太极拳：一般,3.8,""
961,太极柔力球,3.5,""
962,五禽戏：一般,3.4,""
963,五禽戏：中华五禽操,5.1,""
964,武术：单刀、棍术、剑术、拳术,4.4,""
965,武术：一般,3.4,""
966,舞龙,5.5,""
967,舞狮,4.8,""
968,易筋经,3.2,""
969,广播体操：第九套,4.4,""
970,广场舞：不同舞曲（如《走出大山》）,5.4,""
971,广场舞：走出大山,4.4,""
972,广场舞：倍儿爽,7.23,""
973,广场舞：吉祥谣,5.51,""
974,广场舞：桃花谣,5.33,""
975,广场舞：站在草原望北京,4.4,""
976,广场舞：舞动中国,5.7,""
977,战绳训练：9~14kg，双手波浪，大强度,7.4,""
978,跑步：4.8～5 km/h,4.8,""
979,冥想,1.0,""
980,唱歌,2.0,""
981,吃饭,1.8,""
982,玩手机游戏,1.0,""
983,坐着抖脚,1.8,""
984,跳绳,9.4,""
985,跑步机爬坡,9.1,""
986,靠墙静蹲,4.0,""
987,靠墙站立,1.6,""
988,跪姿俯卧撑,7.0,""
989,小燕飞,3.5,""
990,壶铃摇摆,8.1,""
